location,iso_code,vaccines,last_observation_date,source_name,source_website
Afghanistan,AFG,Johnson&Johnson,2021-08-09,World Health Organization,https://covid19.who.int/
Afghanistan,AFG,Oxford/AstraZeneca,2021-08-09,World Health Organization,https://covid19.who.int/
Afghanistan,AFG,Pfizer/BioNTech,2021-08-09,World Health Organization,https://covid19.who.int/
Afghanistan,AFG,Sinopharm/Beijing,2021-08-09,World Health Organization,https://covid19.who.int/
Albania,ALB,Oxford/AstraZeneca,2021-08-10,Ministry of Health,https://shendetesia.gov.al/vaksinimi-anticovid-kryhen-1280239-vaksinime/
Albania,ALB,Pfizer/BioNTech,2021-08-10,Ministry of Health,https://shendetesia.gov.al/vaksinimi-anticovid-kryhen-1280239-vaksinime/
Albania,ALB,Sinovac,2021-08-10,Ministry of Health,https://shendetesia.gov.al/vaksinimi-anticovid-kryhen-1280239-vaksinime/
Albania,ALB,Sputnik V,2021-08-10,Ministry of Health,https://shendetesia.gov.al/vaksinimi-anticovid-kryhen-1280239-vaksinime/
Algeria,DZA,Oxford/AstraZeneca,2021-07-29,Ministry of Health,https://www.elkhabar.com/press/article/190912/%D9%87%D8%B0%D8%A7-%D9%87%D9%88-%D8%B9%D8%AF%D8%AF-%D8%A7%D9%84%D9%85%D9%84%D9%82%D8%AD%D9%8A%D9%86-%D8%A8%D8%A7%D9%84%D8%AC%D8%B2%D8%A7%D8%A6%D8%B1/
Algeria,DZA,Sinopharm/Beijing,2021-07-29,Ministry of Health,https://www.elkhabar.com/press/article/190912/%D9%87%D8%B0%D8%A7-%D9%87%D9%88-%D8%B9%D8%AF%D8%AF-%D8%A7%D9%84%D9%85%D9%84%D9%82%D8%AD%D9%8A%D9%86-%D8%A8%D8%A7%D9%84%D8%AC%D8%B2%D8%A7%D8%A6%D8%B1/
Algeria,DZA,Sinovac,2021-07-29,Ministry of Health,https://www.elkhabar.com/press/article/190912/%D9%87%D8%B0%D8%A7-%D9%87%D9%88-%D8%B9%D8%AF%D8%AF-%D8%A7%D9%84%D9%85%D9%84%D9%82%D8%AD%D9%8A%D9%86-%D8%A8%D8%A7%D9%84%D8%AC%D8%B2%D8%A7%D8%A6%D8%B1/
Algeria,DZA,Sputnik V,2021-07-29,Ministry of Health,https://www.elkhabar.com/press/article/190912/%D9%87%D8%B0%D8%A7-%D9%87%D9%88-%D8%B9%D8%AF%D8%AF-%D8%A7%D9%84%D9%85%D9%84%D9%82%D8%AD%D9%8A%D9%86-%D8%A8%D8%A7%D9%84%D8%AC%D8%B2%D8%A7%D8%A6%D8%B1/
Andorra,AND,Oxford/AstraZeneca,2021-07-19,Government of Andorra,https://www.govern.ad/covid19_newsletter/
Andorra,AND,Pfizer/BioNTech,2021-07-19,Government of Andorra,https://www.govern.ad/covid19_newsletter/
Angola,AGO,Oxford/AstraZeneca,2021-08-09,World Health Organization,https://covid19.who.int/
Anguilla,AIA,Oxford/AstraZeneca,2021-08-06,World Health Organization,https://covid19.who.int/
Antigua and Barbuda,ATG,Oxford/AstraZeneca,2021-08-07,Ministry of Health,https://covid19.gov.ag
Argentina,ARG,Moderna,2021-08-10,Ministry of Health,http://datos.salud.gob.ar/dataset/vacunas-contra-covid-19-dosis-aplicadas-en-la-republica-argentina
Argentina,ARG,Oxford/AstraZeneca,2021-08-10,Ministry of Health,http://datos.salud.gob.ar/dataset/vacunas-contra-covid-19-dosis-aplicadas-en-la-republica-argentina
Argentina,ARG,Sinopharm/Beijing,2021-08-10,Ministry of Health,http://datos.salud.gob.ar/dataset/vacunas-contra-covid-19-dosis-aplicadas-en-la-republica-argentina
Argentina,ARG,Sputnik V,2021-08-10,Ministry of Health,http://datos.salud.gob.ar/dataset/vacunas-contra-covid-19-dosis-aplicadas-en-la-republica-argentina
Armenia,ARM,Oxford/AstraZeneca,2021-08-08,Ministry of Health,https://www.facebook.com/ministryofhealthcare/posts/3006799932894449
Armenia,ARM,Sinovac,2021-08-08,Ministry of Health,https://www.facebook.com/ministryofhealthcare/posts/3006799932894449
Armenia,ARM,Sputnik V,2021-08-08,Ministry of Health,https://www.facebook.com/ministryofhealthcare/posts/3006799932894449
Aruba,ABW,Pfizer/BioNTech,2021-08-10,Government of Aruba,https://www.government.aw
Australia,AUS,Oxford/AstraZeneca,2021-08-10,Government of Australia via covidlive.com.au,https://covidlive.com.au/vaccinations
Australia,AUS,Pfizer/BioNTech,2021-08-10,Government of Australia via covidlive.com.au,https://covidlive.com.au/vaccinations
Austria,AUT,Johnson&Johnson,2021-08-10,Ministry of Health,https://info.gesundheitsministerium.gv.at/opendata/
Austria,AUT,Moderna,2021-08-10,Ministry of Health,https://info.gesundheitsministerium.gv.at/opendata/
Austria,AUT,Oxford/AstraZeneca,2021-08-10,Ministry of Health,https://info.gesundheitsministerium.gv.at/opendata/
Austria,AUT,Pfizer/BioNTech,2021-08-10,Ministry of Health,https://info.gesundheitsministerium.gv.at/opendata/
Azerbaijan,AZE,Oxford/AstraZeneca,2021-08-10,Government of Azerbaijan,https://koronavirusinfo.az
Azerbaijan,AZE,Sinovac,2021-08-10,Government of Azerbaijan,https://koronavirusinfo.az
Azerbaijan,AZE,Sputnik V,2021-08-10,Government of Azerbaijan,https://koronavirusinfo.az
Bahamas,BHS,Oxford/AstraZeneca,2021-08-09,Pan American Health Organization,https://ais.paho.org/imm/IM_DosisAdmin-Vacunacion.asp
Bahrain,BHR,Oxford/AstraZeneca,2021-08-10,Ministry of Health,https://healthalert.gov.bh/en/
Bahrain,BHR,Pfizer/BioNTech,2021-08-10,Ministry of Health,https://healthalert.gov.bh/en/
Bahrain,BHR,Sinopharm/Beijing,2021-08-10,Ministry of Health,https://healthalert.gov.bh/en/
Bahrain,BHR,Sputnik V,2021-08-10,Ministry of Health,https://healthalert.gov.bh/en/
Bangladesh,BGD,Moderna,2021-08-10,Directorate General of Health Services,http://103.247.238.92/webportal/pages/covid19-vaccination-update.php
Bangladesh,BGD,Oxford/AstraZeneca,2021-08-10,Directorate General of Health Services,http://103.247.238.92/webportal/pages/covid19-vaccination-update.php
Bangladesh,BGD,Pfizer/BioNTech,2021-08-10,Directorate General of Health Services,http://103.247.238.92/webportal/pages/covid19-vaccination-update.php
Bangladesh,BGD,Sinopharm/Beijing,2021-08-10,Directorate General of Health Services,http://103.247.238.92/webportal/pages/covid19-vaccination-update.php
Barbados,BRB,Oxford/AstraZeneca,2021-08-07,Ministry of Health,https://www.facebook.com/moh.barbados/photos/a.768944336470972/4451676214864414/
Belarus,BLR,Sinopharm/Beijing,2021-08-01,World Health Organization,https://covid19.who.int/
Belarus,BLR,Sputnik V,2021-08-01,World Health Organization,https://covid19.who.int/
Belgium,BEL,Johnson&Johnson,2021-08-10,Sciensano,https://epistat.wiv-isp.be/covid/
Belgium,BEL,Moderna,2021-08-10,Sciensano,https://epistat.wiv-isp.be/covid/
Belgium,BEL,Oxford/AstraZeneca,2021-08-10,Sciensano,https://epistat.wiv-isp.be/covid/
Belgium,BEL,Pfizer/BioNTech,2021-08-10,Sciensano,https://epistat.wiv-isp.be/covid/
Belize,BLZ,Oxford/AstraZeneca,2021-08-06,Ministry of Health,https://www.facebook.com/Belizehealth/photos/a.1410495949248816/2742970616001336/
Belize,BLZ,Sinopharm/Beijing,2021-08-06,Ministry of Health,https://www.facebook.com/Belizehealth/photos/a.1410495949248816/2742970616001336/
Benin,BEN,Oxford/AstraZeneca,2021-08-03,Ministry of Health,https://covid19.who.int/
Benin,BEN,Sinovac,2021-08-03,Ministry of Health,https://covid19.who.int/
Bermuda,BMU,Oxford/AstraZeneca,2021-08-06,Pan American Health Organization,https://ais.paho.org/imm/IM_DosisAdmin-Vacunacion.asp
Bermuda,BMU,Pfizer/BioNTech,2021-08-06,Pan American Health Organization,https://ais.paho.org/imm/IM_DosisAdmin-Vacunacion.asp
Bhutan,BTN,Moderna,2021-08-09,World Health Organization,https://www.facebook.com/MoHBhutan/posts/4413107355417513
Bhutan,BTN,Oxford/AstraZeneca,2021-08-09,World Health Organization,https://www.facebook.com/MoHBhutan/posts/4413107355417513
Bhutan,BTN,Pfizer/BioNTech,2021-08-09,World Health Organization,https://www.facebook.com/MoHBhutan/posts/4413107355417513
Bolivia,BOL,Oxford/AstraZeneca,2021-08-10,Ministry of Health,https://www.unidoscontraelcovid.gob.bo/
Bolivia,BOL,Pfizer/BioNTech,2021-08-10,Ministry of Health,https://www.unidoscontraelcovid.gob.bo/
Bolivia,BOL,Sinopharm/Beijing,2021-08-10,Ministry of Health,https://www.unidoscontraelcovid.gob.bo/
Bolivia,BOL,Sputnik V,2021-08-10,Ministry of Health,https://www.unidoscontraelcovid.gob.bo/
Bonaire Sint Eustatius and Saba,BES,Moderna,2021-04-09,World Health Organization,https://covid19.who.int/
Bonaire Sint Eustatius and Saba,BES,Pfizer/BioNTech,2021-04-09,World Health Organization,https://covid19.who.int/
Bosnia and Herzegovina,BIH,Oxford/AstraZeneca,2021-08-04,Public Health Institute,https://www.zzjzfbih.ba/epidemioloska-situacija-u-federaciji-bih-srijeda-04-08-2021-godine-presjek-stanja-u-12h/
Bosnia and Herzegovina,BIH,Pfizer/BioNTech,2021-08-04,Public Health Institute,https://www.zzjzfbih.ba/epidemioloska-situacija-u-federaciji-bih-srijeda-04-08-2021-godine-presjek-stanja-u-12h/
Bosnia and Herzegovina,BIH,Sinovac,2021-08-04,Public Health Institute,https://www.zzjzfbih.ba/epidemioloska-situacija-u-federaciji-bih-srijeda-04-08-2021-godine-presjek-stanja-u-12h/
Bosnia and Herzegovina,BIH,Sputnik V,2021-08-04,Public Health Institute,https://www.zzjzfbih.ba/epidemioloska-situacija-u-federaciji-bih-srijeda-04-08-2021-godine-presjek-stanja-u-12h/
Botswana,BWA,Oxford/AstraZeneca,2021-08-06,Ministry of Health and Wellness,https://twitter.com/BWGovernment/status/1424767789122867206
Brazil,BRA,Johnson&Johnson,2021-08-10,Ministry of Health,https://qsprod.saude.gov.br/extensions/DEMAS_C19Vacina/DEMAS_C19Vacina.html
Brazil,BRA,Oxford/AstraZeneca,2021-08-10,Ministry of Health,https://qsprod.saude.gov.br/extensions/DEMAS_C19Vacina/DEMAS_C19Vacina.html
Brazil,BRA,Pfizer/BioNTech,2021-08-10,Ministry of Health,https://qsprod.saude.gov.br/extensions/DEMAS_C19Vacina/DEMAS_C19Vacina.html
Brazil,BRA,Sinovac,2021-08-10,Ministry of Health,https://qsprod.saude.gov.br/extensions/DEMAS_C19Vacina/DEMAS_C19Vacina.html
British Virgin Islands,VGB,Johnson&Johnson,2021-08-06,World Health Organization,https://covid19.who.int/
British Virgin Islands,VGB,Oxford/AstraZeneca,2021-08-06,World Health Organization,https://covid19.who.int/
Brunei,BRN,Oxford/AstraZeneca,2021-08-08,Ministry of Health,https://www.facebook.com/MOHBrunei/photos/a.1164129587048739/4034557850005884/
Brunei,BRN,Sinopharm/Beijing,2021-08-08,Ministry of Health,https://www.facebook.com/MOHBrunei/photos/a.1164129587048739/4034557850005884/
Bulgaria,BGR,Johnson&Johnson,2021-08-10,Ministry of Health,https://coronavirus.bg/bg/statistika
Bulgaria,BGR,Moderna,2021-08-10,Ministry of Health,https://coronavirus.bg/bg/statistika
Bulgaria,BGR,Oxford/AstraZeneca,2021-08-10,Ministry of Health,https://coronavirus.bg/bg/statistika
Bulgaria,BGR,Pfizer/BioNTech,2021-08-10,Ministry of Health,https://coronavirus.bg/bg/statistika
Burkina Faso,BFA,Oxford/AstraZeneca,2021-08-09,World Health Organization,https://covid19.who.int/
Cambodia,KHM,Johnson&Johnson,2021-08-10,Ministry of Health,https://www.facebook.com/MinistryofHealthofCambodia/photos/a.930887636950343/4282020098503730
Cambodia,KHM,Oxford/AstraZeneca,2021-08-10,Ministry of Health,https://www.facebook.com/MinistryofHealthofCambodia/photos/a.930887636950343/4282020098503730
Cambodia,KHM,Sinopharm/Beijing,2021-08-10,Ministry of Health,https://www.facebook.com/MinistryofHealthofCambodia/photos/a.930887636950343/4282020098503730
Cambodia,KHM,Sinovac,2021-08-10,Ministry of Health,https://www.facebook.com/MinistryofHealthofCambodia/photos/a.930887636950343/4282020098503730
Cameroon,CMR,Oxford/AstraZeneca,2021-08-09,World Health Organization,https://covid19.who.int/
Cameroon,CMR,Sinopharm/Beijing,2021-08-09,World Health Organization,https://covid19.who.int/
Canada,CAN,Moderna,2021-08-10,Official data from provinces via covid19tracker.ca,https://covid19tracker.ca/vaccinationtracker.html
Canada,CAN,Oxford/AstraZeneca,2021-08-10,Official data from provinces via covid19tracker.ca,https://covid19tracker.ca/vaccinationtracker.html
Canada,CAN,Pfizer/BioNTech,2021-08-10,Official data from provinces via covid19tracker.ca,https://covid19tracker.ca/vaccinationtracker.html
Cape Verde,CPV,Oxford/AstraZeneca,2021-08-09,World Health Organization,https://covid19.who.int/
Cape Verde,CPV,Pfizer/BioNTech,2021-08-09,World Health Organization,https://covid19.who.int/
Cayman Islands,CYM,Oxford/AstraZeneca,2021-08-10,Cayman Islands Government,https://www.exploregov.ky/coronavirus-statistics
Cayman Islands,CYM,Pfizer/BioNTech,2021-08-10,Cayman Islands Government,https://www.exploregov.ky/coronavirus-statistics
Central African Republic,CAF,Covaxin,2021-08-05,Africa Centres for Disease Control and Prevention,https://africacdc.org/covid-19-vaccination/
Central African Republic,CAF,Oxford/AstraZeneca,2021-08-05,Africa Centres for Disease Control and Prevention,https://africacdc.org/covid-19-vaccination/
Chad,TCD,Sinopharm/Beijing,2021-08-05,Africa Centres for Disease Control and Prevention,https://africacdc.org/covid-19-vaccination/
Chile,CHL,CanSino,2021-08-08,"Ministerio de Ciencia, Tecnología, Conocimiento e Innovación",https://www.gob.cl/yomevacuno/
Chile,CHL,Oxford/AstraZeneca,2021-08-08,"Ministerio de Ciencia, Tecnología, Conocimiento e Innovación",https://www.gob.cl/yomevacuno/
Chile,CHL,Pfizer/BioNTech,2021-08-08,"Ministerio de Ciencia, Tecnología, Conocimiento e Innovación",https://www.gob.cl/yomevacuno/
Chile,CHL,Sinovac,2021-08-08,"Ministerio de Ciencia, Tecnología, Conocimiento e Innovación",https://www.gob.cl/yomevacuno/
China,CHN,CanSino,2021-08-10,National Health Commission,http://www.nhc.gov.cn/jkj/s7915/202108/5f13b4539acc4276bbb9cfd9dfa5bec8.shtml
China,CHN,Sinopharm/Beijing,2021-08-10,National Health Commission,http://www.nhc.gov.cn/jkj/s7915/202108/5f13b4539acc4276bbb9cfd9dfa5bec8.shtml
China,CHN,Sinopharm/Wuhan,2021-08-10,National Health Commission,http://www.nhc.gov.cn/jkj/s7915/202108/5f13b4539acc4276bbb9cfd9dfa5bec8.shtml
China,CHN,Sinovac,2021-08-10,National Health Commission,http://www.nhc.gov.cn/jkj/s7915/202108/5f13b4539acc4276bbb9cfd9dfa5bec8.shtml
Colombia,COL,Johnson&Johnson,2021-08-09,Ministry of Health,https://www.minsalud.gov.co/salud/publica/Vacunacion/Paginas/Vacunacion-covid-19.aspx
Colombia,COL,Moderna,2021-08-09,Ministry of Health,https://www.minsalud.gov.co/salud/publica/Vacunacion/Paginas/Vacunacion-covid-19.aspx
Colombia,COL,Oxford/AstraZeneca,2021-08-09,Ministry of Health,https://www.minsalud.gov.co/salud/publica/Vacunacion/Paginas/Vacunacion-covid-19.aspx
Colombia,COL,Pfizer/BioNTech,2021-08-09,Ministry of Health,https://www.minsalud.gov.co/salud/publica/Vacunacion/Paginas/Vacunacion-covid-19.aspx
Colombia,COL,Sinovac,2021-08-09,Ministry of Health,https://www.minsalud.gov.co/salud/publica/Vacunacion/Paginas/Vacunacion-covid-19.aspx
Comoros,COM,Covaxin,2021-08-09,World Health Organization,https://covid19.who.int/
Comoros,COM,Oxford/AstraZeneca,2021-08-09,World Health Organization,https://covid19.who.int/
Comoros,COM,Sinopharm/Beijing,2021-08-09,World Health Organization,https://covid19.who.int/
Congo,COG,Moderna,2021-07-29,Africa Centres for Disease Control and Prevention,https://africacdc.org/covid-19-vaccination/
Congo,COG,Oxford/AstraZeneca,2021-07-29,Africa Centres for Disease Control and Prevention,https://africacdc.org/covid-19-vaccination/
Congo,COG,Sinopharm/Beijing,2021-07-29,Africa Centres for Disease Control and Prevention,https://africacdc.org/covid-19-vaccination/
Congo,COG,Sputnik V,2021-07-29,Africa Centres for Disease Control and Prevention,https://africacdc.org/covid-19-vaccination/
Cook Islands,COK,Oxford/AstraZeneca,2021-07-20,SPC Public Health Division,https://stats.pacificdata.org/vis?tm=covid&pg=0&df[ds]=SPC2&df[id]=DF_COVID_VACCINATION&df[ag]=SPC&df[vs]=1.0
Costa Rica,CRI,Oxford/AstraZeneca,2021-08-09,Costa Rican Social Security Fund,https://www.ccss.sa.cr/web/coronavirus/vacunacion
Costa Rica,CRI,Pfizer/BioNTech,2021-08-09,Costa Rican Social Security Fund,https://www.ccss.sa.cr/web/coronavirus/vacunacion
Cote d'Ivoire,CIV,Oxford/AstraZeneca,2021-08-08,Ministry of Health and Public Hygiene,https://www.facebook.com/mshpcmu/posts/1971374803028204
Croatia,HRV,Moderna,2021-08-10,Ministry of Health,https://www.koronavirus.hr
Croatia,HRV,Oxford/AstraZeneca,2021-08-10,Ministry of Health,https://www.koronavirus.hr
Croatia,HRV,Pfizer/BioNTech,2021-08-10,Ministry of Health,https://www.koronavirus.hr
Cuba,CUB,Abdala,2021-08-08,Ministry of Health,https://salud.msp.gob.cu/actualizacion-de-la-vacunacion-en-el-marco-de-los-estudios-de-los-candidatos-vacunales-cubanos-y-la-intervencion-sanitaria/
Cuba,CUB,Soberana02,2021-08-08,Ministry of Health,https://salud.msp.gob.cu/actualizacion-de-la-vacunacion-en-el-marco-de-los-estudios-de-los-candidatos-vacunales-cubanos-y-la-intervencion-sanitaria/
Curacao,CUW,Moderna,2021-08-10,Government of Curacao,https://bakuna.cw/
Curacao,CUW,Pfizer/BioNTech,2021-08-10,Government of Curacao,https://bakuna.cw/
Cyprus,CYP,Johnson&Johnson,2021-08-10,Ministry of Health,https://www.moh.gov.cy/moh/moh.nsf/All/0EFA027144C9E54AC22586BE0032B2F5
Cyprus,CYP,Moderna,2021-08-10,Ministry of Health,https://www.moh.gov.cy/moh/moh.nsf/All/0EFA027144C9E54AC22586BE0032B2F5
Cyprus,CYP,Oxford/AstraZeneca,2021-08-10,Ministry of Health,https://www.moh.gov.cy/moh/moh.nsf/All/0EFA027144C9E54AC22586BE0032B2F5
Cyprus,CYP,Pfizer/BioNTech,2021-08-10,Ministry of Health,https://www.moh.gov.cy/moh/moh.nsf/All/0EFA027144C9E54AC22586BE0032B2F5
Czechia,CZE,Johnson&Johnson,2021-08-10,Ministry of Health,https://onemocneni-aktualne.mzcr.cz/covid-19
Czechia,CZE,Moderna,2021-08-10,Ministry of Health,https://onemocneni-aktualne.mzcr.cz/covid-19
Czechia,CZE,Oxford/AstraZeneca,2021-08-10,Ministry of Health,https://onemocneni-aktualne.mzcr.cz/covid-19
Czechia,CZE,Pfizer/BioNTech,2021-08-10,Ministry of Health,https://onemocneni-aktualne.mzcr.cz/covid-19
Democratic Republic of Congo,COD,Oxford/AstraZeneca,2021-08-09,World Health Organization,https://covid19.who.int/
Denmark,DNK,Johnson&Johnson,2021-08-10,Statens Serum Institute,https://covid19.ssi.dk/overvagningsdata/download-fil-med-vaccinationsdata
Denmark,DNK,Moderna,2021-08-10,Statens Serum Institute,https://covid19.ssi.dk/overvagningsdata/download-fil-med-vaccinationsdata
Denmark,DNK,Pfizer/BioNTech,2021-08-10,Statens Serum Institute,https://covid19.ssi.dk/overvagningsdata/download-fil-med-vaccinationsdata
Djibouti,DJI,Johnson&Johnson,2021-08-05,World Health Organization,https://africacdc.org/covid-19-vaccination/
Djibouti,DJI,Oxford/AstraZeneca,2021-08-05,World Health Organization,https://africacdc.org/covid-19-vaccination/
Djibouti,DJI,Sinopharm/Beijing,2021-08-05,World Health Organization,https://africacdc.org/covid-19-vaccination/
Djibouti,DJI,Sinovac,2021-08-05,World Health Organization,https://africacdc.org/covid-19-vaccination/
Djibouti,DJI,Sputnik V,2021-08-05,World Health Organization,https://africacdc.org/covid-19-vaccination/
Dominica,DMA,Oxford/AstraZeneca,2021-07-30,Pan American Health Organization,https://ais.paho.org/imm/IM_DosisAdmin-Vacunacion.asp
Dominica,DMA,Sinopharm/Beijing,2021-07-30,Pan American Health Organization,https://ais.paho.org/imm/IM_DosisAdmin-Vacunacion.asp
Dominican Republic,DOM,Oxford/AstraZeneca,2021-08-09,Ministry of Public Health,https://vacunate.gob.do/
Dominican Republic,DOM,Pfizer/BioNTech,2021-08-09,Ministry of Public Health,https://vacunate.gob.do/
Dominican Republic,DOM,Sinopharm/Beijing,2021-08-09,Ministry of Public Health,https://vacunate.gob.do/
Dominican Republic,DOM,Sinovac,2021-08-09,Ministry of Public Health,https://vacunate.gob.do/
Ecuador,ECU,Oxford/AstraZeneca,2021-08-08,Government of Ecuador via Ecuacovid,https://github.com/andrab/ecuacovid
Ecuador,ECU,Pfizer/BioNTech,2021-08-08,Government of Ecuador via Ecuacovid,https://github.com/andrab/ecuacovid
Ecuador,ECU,Sinovac,2021-08-08,Government of Ecuador via Ecuacovid,https://github.com/andrab/ecuacovid
Egypt,EGY,Oxford/AstraZeneca,2021-08-05,World Health Organization,https://covid19.who.int/
Egypt,EGY,Pfizer/BioNTech,2021-08-05,World Health Organization,https://covid19.who.int/
Egypt,EGY,Sinopharm/Beijing,2021-08-05,World Health Organization,https://covid19.who.int/
Egypt,EGY,Sinovac,2021-08-05,World Health Organization,https://covid19.who.int/
Egypt,EGY,Sputnik V,2021-08-05,World Health Organization,https://covid19.who.int/
El Salvador,SLV,Oxford/AstraZeneca,2021-08-10,Ministry of Health,https://covid19.gob.sv/
El Salvador,SLV,Pfizer/BioNTech,2021-08-10,Ministry of Health,https://covid19.gob.sv/
El Salvador,SLV,Sinovac,2021-08-10,Ministry of Health,https://covid19.gob.sv/
England,OWID_ENG,Moderna,2021-08-09,Government of the United Kingdom,https://coronavirus.data.gov.uk/details/vaccinations
England,OWID_ENG,Oxford/AstraZeneca,2021-08-09,Government of the United Kingdom,https://coronavirus.data.gov.uk/details/vaccinations
England,OWID_ENG,Pfizer/BioNTech,2021-08-09,Government of the United Kingdom,https://coronavirus.data.gov.uk/details/vaccinations
Equatorial Guinea,GNQ,Sinopharm/Beijing,2021-08-07,Ministry of Health,https://guineasalud.org/estadisticas/
Estonia,EST,Johnson&Johnson,2021-08-10,National Health Board,https://opendata.digilugu.ee
Estonia,EST,Moderna,2021-08-10,National Health Board,https://opendata.digilugu.ee
Estonia,EST,Oxford/AstraZeneca,2021-08-10,National Health Board,https://opendata.digilugu.ee
Estonia,EST,Pfizer/BioNTech,2021-08-10,National Health Board,https://opendata.digilugu.ee
Eswatini,SWZ,Oxford/AstraZeneca,2021-08-06,Government of Eswatini,https://www.facebook.com/EswatiniGov/photos/a.127808818712626/392837688876403/
Ethiopia,ETH,Oxford/AstraZeneca,2021-08-10,Ministry of Health,https://twitter.com/FMoHealth/status/1425334409889304578
Faeroe Islands,FRO,Moderna,2021-08-10,Government of the Faeroe Islands,https://corona.fo/api
Faeroe Islands,FRO,Pfizer/BioNTech,2021-08-10,Government of the Faeroe Islands,https://corona.fo/api
Falkland Islands,FLK,Oxford/AstraZeneca,2021-04-14,Government of the Falkland Islands,https://www.facebook.com/FalkIandsGov/posts/4401230323224594
Fiji,FJI,Oxford/AstraZeneca,2021-08-09,SPC Public Health Division,https://stats.pacificdata.org/vis?tm=covid&pg=0&df[ds]=SPC2&df[id]=DF_COVID_VACCINATION&df[ag]=SPC&df[vs]=1.0
Finland,FIN,Moderna,2021-08-10,Finnish Institute for Health and Welfare,https://sampo.thl.fi/pivot/prod/en/vaccreg/cov19cov/fact_cov19cov?column=measure-533185.533172.433796.533175&row=cov_vac_dose-533174L
Finland,FIN,Oxford/AstraZeneca,2021-08-10,Finnish Institute for Health and Welfare,https://sampo.thl.fi/pivot/prod/en/vaccreg/cov19cov/fact_cov19cov?column=measure-533185.533172.433796.533175&row=cov_vac_dose-533174L
Finland,FIN,Pfizer/BioNTech,2021-08-10,Finnish Institute for Health and Welfare,https://sampo.thl.fi/pivot/prod/en/vaccreg/cov19cov/fact_cov19cov?column=measure-533185.533172.433796.533175&row=cov_vac_dose-533174L
France,FRA,Johnson&Johnson,2021-08-09,Public Health France,https://www.data.gouv.fr/fr/datasets/donnees-relatives-aux-personnes-vaccinees-contre-la-covid-19-1/
France,FRA,Moderna,2021-08-09,Public Health France,https://www.data.gouv.fr/fr/datasets/donnees-relatives-aux-personnes-vaccinees-contre-la-covid-19-1/
France,FRA,Oxford/AstraZeneca,2021-08-09,Public Health France,https://www.data.gouv.fr/fr/datasets/donnees-relatives-aux-personnes-vaccinees-contre-la-covid-19-1/
France,FRA,Pfizer/BioNTech,2021-08-09,Public Health France,https://www.data.gouv.fr/fr/datasets/donnees-relatives-aux-personnes-vaccinees-contre-la-covid-19-1/
French Polynesia,PYF,Johnson&Johnson,2021-08-09,SPC Public Health Division,https://stats.pacificdata.org/vis?tm=covid&pg=0&df[ds]=SPC2&df[id]=DF_COVID_VACCINATION&df[ag]=SPC&df[vs]=1.0
French Polynesia,PYF,Pfizer/BioNTech,2021-08-09,SPC Public Health Division,https://stats.pacificdata.org/vis?tm=covid&pg=0&df[ds]=SPC2&df[id]=DF_COVID_VACCINATION&df[ag]=SPC&df[vs]=1.0
Gabon,GAB,Sinopharm/Beijing,2021-08-09,Africa Centres for Disease Control and Prevention,https://covid19.who.int/
Gambia,GMB,Oxford/AstraZeneca,2021-07-15,Africa Centres for Disease Control and Prevention,https://africacdc.org/covid-19-vaccination/
Gambia,GMB,Sinopharm/Beijing,2021-07-15,Africa Centres for Disease Control and Prevention,https://africacdc.org/covid-19-vaccination/
Georgia,GEO,Oxford/AstraZeneca,2021-08-10,National Center for Disease Control and Public Health,https://vaccines.ncdc.ge/vaccinationprocess/
Germany,DEU,Johnson&Johnson,2021-08-10,Robert Koch Institut,https://impfdashboard.de/
Germany,DEU,Moderna,2021-08-10,Robert Koch Institut,https://impfdashboard.de/
Germany,DEU,Oxford/AstraZeneca,2021-08-10,Robert Koch Institut,https://impfdashboard.de/
Germany,DEU,Pfizer/BioNTech,2021-08-10,Robert Koch Institut,https://impfdashboard.de/
Ghana,GHA,Oxford/AstraZeneca,2021-07-19,World Health Organization,https://covid19.who.int/
Ghana,GHA,Sputnik V,2021-07-19,World Health Organization,https://covid19.who.int/
Gibraltar,GIB,Pfizer/BioNTech,2021-08-07,Government of Gibraltar,https://twitter.com/GibraltarGov/status/1423964479235186688
Greece,GRC,Johnson&Johnson,2021-08-10,Ministry of Health,https://www.data.gov.gr/datasets/mdg_emvolio/
Greece,GRC,Moderna,2021-08-10,Ministry of Health,https://www.data.gov.gr/datasets/mdg_emvolio/
Greece,GRC,Oxford/AstraZeneca,2021-08-10,Ministry of Health,https://www.data.gov.gr/datasets/mdg_emvolio/
Greece,GRC,Pfizer/BioNTech,2021-08-10,Ministry of Health,https://www.data.gov.gr/datasets/mdg_emvolio/
Greenland,GRL,Moderna,2021-08-10,Government of Greenland,https://corona.nun.gl/emner/statistik/antal_vaccinerede
Grenada,GRD,Oxford/AstraZeneca,2021-08-06,World Health Organization,https://covid19.who.int/
Guatemala,GTM,Moderna,2021-08-09,Ministry of Health,https://gtmvigilanciacovid.shinyapps.io/3869aac0fb95d6baf2c80f19f2da5f98
Guatemala,GTM,Oxford/AstraZeneca,2021-08-09,Ministry of Health,https://gtmvigilanciacovid.shinyapps.io/3869aac0fb95d6baf2c80f19f2da5f98
Guernsey,GGY,Moderna,2021-08-09,Government of Guernsey,https://covid19.gov.gg/guidance/vaccine/stats
Guernsey,GGY,Oxford/AstraZeneca,2021-08-09,Government of Guernsey,https://covid19.gov.gg/guidance/vaccine/stats
Guernsey,GGY,Pfizer/BioNTech,2021-08-09,Government of Guernsey,https://covid19.gov.gg/guidance/vaccine/stats
Guinea,GIN,Sputnik V,2021-08-06,National Health Security Agency,https://twitter.com/anss_guinee/status/1424099936291983361
Guinea-Bissau,GNB,Oxford/AstraZeneca,2021-08-09,World Health Organization,https://covid19.who.int/
Guinea-Bissau,GNB,Sinopharm/Beijing,2021-08-09,World Health Organization,https://covid19.who.int/
Guyana,GUY,Oxford/AstraZeneca,2021-08-10,Ministry of Health,https://www.facebook.com/mohguyana/posts/2663410660629130
Guyana,GUY,Sputnik V,2021-08-10,Ministry of Health,https://www.facebook.com/mohguyana/posts/2663410660629130
Haiti,HTI,Johnson&Johnson,2021-08-09,Pan American Health Organization,https://www.facebook.com/msppht/posts/1804947163024687
Haiti,HTI,Oxford/AstraZeneca,2021-08-09,Pan American Health Organization,https://www.facebook.com/msppht/posts/1804947163024687
Honduras,HND,Johnson&Johnson,2021-08-03,World Health Organization,http://www.salud.gob.hn/site/
Honduras,HND,Moderna,2021-08-03,World Health Organization,http://www.salud.gob.hn/site/
Honduras,HND,Oxford/AstraZeneca,2021-08-03,World Health Organization,http://www.salud.gob.hn/site/
Honduras,HND,Pfizer/BioNTech,2021-08-03,World Health Organization,http://www.salud.gob.hn/site/
Honduras,HND,Sputnik V,2021-08-03,World Health Organization,http://www.salud.gob.hn/site/
Hong Kong,HKG,Pfizer/BioNTech,2021-08-10,Government of Hong Kong,https://www.covidvaccine.gov.hk/en/dashboard
Hong Kong,HKG,Sinovac,2021-08-10,Government of Hong Kong,https://www.covidvaccine.gov.hk/en/dashboard
Hungary,HUN,Johnson&Johnson,2021-08-10,Government of Hungary,https://koronavirus.gov.hu//cikkek/5-millio-659-ezer-beoltott-80-az-uj-fertozott-nincs-ujabb-elhunyt
Hungary,HUN,Moderna,2021-08-10,Government of Hungary,https://koronavirus.gov.hu//cikkek/5-millio-659-ezer-beoltott-80-az-uj-fertozott-nincs-ujabb-elhunyt
Hungary,HUN,Oxford/AstraZeneca,2021-08-10,Government of Hungary,https://koronavirus.gov.hu//cikkek/5-millio-659-ezer-beoltott-80-az-uj-fertozott-nincs-ujabb-elhunyt
Hungary,HUN,Pfizer/BioNTech,2021-08-10,Government of Hungary,https://koronavirus.gov.hu//cikkek/5-millio-659-ezer-beoltott-80-az-uj-fertozott-nincs-ujabb-elhunyt
Hungary,HUN,Sinopharm/Beijing,2021-08-10,Government of Hungary,https://koronavirus.gov.hu//cikkek/5-millio-659-ezer-beoltott-80-az-uj-fertozott-nincs-ujabb-elhunyt
Hungary,HUN,Sputnik V,2021-08-10,Government of Hungary,https://koronavirus.gov.hu//cikkek/5-millio-659-ezer-beoltott-80-az-uj-fertozott-nincs-ujabb-elhunyt
Iceland,ISL,Johnson&Johnson,2021-08-06,Directorate of Health,https://www.covid.is/tolulegar-upplysingar-boluefni
Iceland,ISL,Moderna,2021-08-06,Directorate of Health,https://www.covid.is/tolulegar-upplysingar-boluefni
Iceland,ISL,Oxford/AstraZeneca,2021-08-06,Directorate of Health,https://www.covid.is/tolulegar-upplysingar-boluefni
Iceland,ISL,Pfizer/BioNTech,2021-08-06,Directorate of Health,https://www.covid.is/tolulegar-upplysingar-boluefni
India,IND,Covaxin,2021-08-10,Government of India,https://www.mohfw.gov.in/
India,IND,Oxford/AstraZeneca,2021-08-10,Government of India,https://www.mohfw.gov.in/
India,IND,Sputnik V,2021-08-10,Government of India,https://www.mohfw.gov.in/
Indonesia,IDN,Moderna,2021-08-10,Ministry of Health,https://vaksin.kemkes.go.id/#/vaccines
Indonesia,IDN,Oxford/AstraZeneca,2021-08-10,Ministry of Health,https://vaksin.kemkes.go.id/#/vaccines
Indonesia,IDN,Sinopharm/Beijing,2021-08-10,Ministry of Health,https://vaksin.kemkes.go.id/#/vaccines
Indonesia,IDN,Sinovac,2021-08-10,Ministry of Health,https://vaksin.kemkes.go.id/#/vaccines
Iran,IRN,Covaxin,2021-08-02,World Health Organization,https://covid19.who.int/
Iran,IRN,Oxford/AstraZeneca,2021-08-02,World Health Organization,https://covid19.who.int/
Iran,IRN,Sinopharm/Beijing,2021-08-02,World Health Organization,https://covid19.who.int/
Iran,IRN,Sputnik V,2021-08-02,World Health Organization,https://covid19.who.int/
Iraq,IRQ,Oxford/AstraZeneca,2021-08-06,World Health Organization,www.xinhuanet.com/english/2021-08/06/c_1310112669.htm
Iraq,IRQ,Pfizer/BioNTech,2021-08-06,World Health Organization,www.xinhuanet.com/english/2021-08/06/c_1310112669.htm
Iraq,IRQ,Sinopharm/Beijing,2021-08-06,World Health Organization,www.xinhuanet.com/english/2021-08/06/c_1310112669.htm
Iraq,IRQ,Sputnik V,2021-08-06,World Health Organization,www.xinhuanet.com/english/2021-08/06/c_1310112669.htm
Ireland,IRL,Johnson&Johnson,2021-08-10,Heath Service Executive,https://covid19ireland-geohive.hub.arcgis.com/
Ireland,IRL,Moderna,2021-08-10,Heath Service Executive,https://covid19ireland-geohive.hub.arcgis.com/
Ireland,IRL,Oxford/AstraZeneca,2021-08-10,Heath Service Executive,https://covid19ireland-geohive.hub.arcgis.com/
Ireland,IRL,Pfizer/BioNTech,2021-08-10,Heath Service Executive,https://covid19ireland-geohive.hub.arcgis.com/
Isle of Man,IMN,Oxford/AstraZeneca,2021-08-10,Isle of Man Government,https://covid19.gov.im/general-information/covid-19-vaccination-statistics/
Isle of Man,IMN,Pfizer/BioNTech,2021-08-10,Isle of Man Government,https://covid19.gov.im/general-information/covid-19-vaccination-statistics/
Israel,ISR,Moderna,2021-08-10,Government of Israel,https://datadashboard.health.gov.il/COVID-19/general
Israel,ISR,Pfizer/BioNTech,2021-08-10,Government of Israel,https://datadashboard.health.gov.il/COVID-19/general
Italy,ITA,Johnson&Johnson,2021-08-10,Extraordinary commissioner for the Covid-19 emergency,https://raw.githubusercontent.com/italia/covid19-opendata-vaccini/master/dati/somministrazioni-vaccini-latest.csv
Italy,ITA,Moderna,2021-08-10,Extraordinary commissioner for the Covid-19 emergency,https://raw.githubusercontent.com/italia/covid19-opendata-vaccini/master/dati/somministrazioni-vaccini-latest.csv
Italy,ITA,Oxford/AstraZeneca,2021-08-10,Extraordinary commissioner for the Covid-19 emergency,https://raw.githubusercontent.com/italia/covid19-opendata-vaccini/master/dati/somministrazioni-vaccini-latest.csv
Italy,ITA,Pfizer/BioNTech,2021-08-10,Extraordinary commissioner for the Covid-19 emergency,https://raw.githubusercontent.com/italia/covid19-opendata-vaccini/master/dati/somministrazioni-vaccini-latest.csv
Jamaica,JAM,Oxford/AstraZeneca,2021-08-06,Pan American Health Organization,https://ais.paho.org/imm/IM_DosisAdmin-Vacunacion.asp
Japan,JPN,Moderna,2021-08-10,Prime Minister's Office,https://www.kantei.go.jp/jp/headline/kansensho/vaccine.html
Japan,JPN,Pfizer/BioNTech,2021-08-10,Prime Minister's Office,https://www.kantei.go.jp/jp/headline/kansensho/vaccine.html
Jersey,JEY,Moderna,2021-08-04,Government of Jersey,https://www.gov.je/Datasets/ListOpenData?ListName=COVID19Weekly&clean=true
Jersey,JEY,Oxford/AstraZeneca,2021-08-04,Government of Jersey,https://www.gov.je/Datasets/ListOpenData?ListName=COVID19Weekly&clean=true
Jersey,JEY,Pfizer/BioNTech,2021-08-04,Government of Jersey,https://www.gov.je/Datasets/ListOpenData?ListName=COVID19Weekly&clean=true
Jordan,JOR,Oxford/AstraZeneca,2021-08-10,Government of Jordan,https://corona.moh.gov.jo/ar
Jordan,JOR,Pfizer/BioNTech,2021-08-10,Government of Jordan,https://corona.moh.gov.jo/ar
Jordan,JOR,Sinopharm/Beijing,2021-08-10,Government of Jordan,https://corona.moh.gov.jo/ar
Jordan,JOR,Sputnik V,2021-08-10,Government of Jordan,https://corona.moh.gov.jo/ar
Kazakhstan,KAZ,QazVac,2021-08-10,Government of Kazakhstan,https://www.coronavirus2020.kz/
Kazakhstan,KAZ,Sinopharm/HayatVax,2021-08-10,Government of Kazakhstan,https://www.coronavirus2020.kz/
Kazakhstan,KAZ,Sputnik V,2021-08-10,Government of Kazakhstan,https://www.coronavirus2020.kz/
Kenya,KEN,Oxford/AstraZeneca,2021-08-07,Ministry of Health,https://twitter.com/MOH_Kenya/status/1424009098928996360
Kenya,KEN,Sputnik V,2021-08-07,Ministry of Health,https://twitter.com/MOH_Kenya/status/1424009098928996360
Kiribati,KIR,Oxford/AstraZeneca,2021-08-09,SPC Public Health Division,https://stats.pacificdata.org/vis?tm=covid&pg=0&df[ds]=SPC2&df[id]=DF_COVID_VACCINATION&df[ag]=SPC&df[vs]=1.0
Kosovo,OWID_KOS,Oxford/AstraZeneca,2021-08-10,Ministry of Health,https://www.facebook.com/Ministria.Shendetesise.RKS/posts/2060850007405909
Kuwait,KWT,Pfizer/BioNTech,2021-07-03,Ministry of Health,https://twitter.com/KUWAIT_MOH/status/1411777117713543173
Kyrgyzstan,KGZ,Sinopharm/Beijing,2021-08-10,Ministry of Health,https://vc.emed.gov.kg/
Kyrgyzstan,KGZ,Sputnik V,2021-08-10,Ministry of Health,https://vc.emed.gov.kg/
Laos,LAO,Johnson&Johnson,2021-08-08,World Health Organization,https://www.facebook.com/CCEH.MoH.Lao/posts/4497959360228723
Laos,LAO,Oxford/AstraZeneca,2021-08-08,World Health Organization,https://www.facebook.com/CCEH.MoH.Lao/posts/4497959360228723
Laos,LAO,Pfizer/BioNTech,2021-08-08,World Health Organization,https://www.facebook.com/CCEH.MoH.Lao/posts/4497959360228723
Laos,LAO,Sinopharm/Beijing,2021-08-08,World Health Organization,https://www.facebook.com/CCEH.MoH.Lao/posts/4497959360228723
Laos,LAO,Sinovac,2021-08-08,World Health Organization,https://www.facebook.com/CCEH.MoH.Lao/posts/4497959360228723
Laos,LAO,Sputnik V,2021-08-08,World Health Organization,https://www.facebook.com/CCEH.MoH.Lao/posts/4497959360228723
Latvia,LVA,Johnson&Johnson,2021-08-10,National Health Service,https://data.gov.lv/dati/eng/dataset/covid19-vakcinacijas
Latvia,LVA,Moderna,2021-08-10,National Health Service,https://data.gov.lv/dati/eng/dataset/covid19-vakcinacijas
Latvia,LVA,Oxford/AstraZeneca,2021-08-10,National Health Service,https://data.gov.lv/dati/eng/dataset/covid19-vakcinacijas
Latvia,LVA,Pfizer/BioNTech,2021-08-10,National Health Service,https://data.gov.lv/dati/eng/dataset/covid19-vakcinacijas
Lebanon,LBN,Oxford/AstraZeneca,2021-08-10,Government of Lebanon,https://impact.cib.gov.lb/home/dashboard/vaccine
Lebanon,LBN,Pfizer/BioNTech,2021-08-10,Government of Lebanon,https://impact.cib.gov.lb/home/dashboard/vaccine
Lebanon,LBN,Sinopharm/Beijing,2021-08-10,Government of Lebanon,https://impact.cib.gov.lb/home/dashboard/vaccine
Lebanon,LBN,Sputnik V,2021-08-10,Government of Lebanon,https://impact.cib.gov.lb/home/dashboard/vaccine
Lesotho,LSO,Oxford/AstraZeneca,2021-07-26,World Health Organization,https://covid19.who.int/
Liberia,LBR,Oxford/AstraZeneca,2021-07-12,World Health Organization,https://covid19.who.int/
Libya,LBY,Johnson&Johnson,2021-08-09,World Health Organization,https://covid19.who.int/
Libya,LBY,Moderna,2021-08-09,World Health Organization,https://covid19.who.int/
Libya,LBY,Oxford/AstraZeneca,2021-08-09,World Health Organization,https://covid19.who.int/
Libya,LBY,Pfizer/BioNTech,2021-08-09,World Health Organization,https://covid19.who.int/
Libya,LBY,Sinopharm/Beijing,2021-08-09,World Health Organization,https://covid19.who.int/
Libya,LBY,Sinovac,2021-08-09,World Health Organization,https://covid19.who.int/
Libya,LBY,Sputnik V,2021-08-09,World Health Organization,https://covid19.who.int/
Liechtenstein,LIE,Moderna,2021-08-10,Federal Office of Public Health,https://www.covid19.admin.ch/en/epidemiologic/vacc-doses?detGeo=FL
Liechtenstein,LIE,Pfizer/BioNTech,2021-08-10,Federal Office of Public Health,https://www.covid19.admin.ch/en/epidemiologic/vacc-doses?detGeo=FL
Lithuania,LTU,Johnson&Johnson,2021-08-10,Ministry of Health,https://experience.arcgis.com/experience/cab84dcfe0464c2a8050a78f817924ca/page/page_3/
Lithuania,LTU,Moderna,2021-08-10,Ministry of Health,https://experience.arcgis.com/experience/cab84dcfe0464c2a8050a78f817924ca/page/page_3/
Lithuania,LTU,Oxford/AstraZeneca,2021-08-10,Ministry of Health,https://experience.arcgis.com/experience/cab84dcfe0464c2a8050a78f817924ca/page/page_3/
Lithuania,LTU,Pfizer/BioNTech,2021-08-10,Ministry of Health,https://experience.arcgis.com/experience/cab84dcfe0464c2a8050a78f817924ca/page/page_3/
Luxembourg,LUX,Moderna,2021-08-10,Government of Luxembourg,https://covid19.public.lu/fr.html
Luxembourg,LUX,Oxford/AstraZeneca,2021-08-10,Government of Luxembourg,https://covid19.public.lu/fr.html
Luxembourg,LUX,Pfizer/BioNTech,2021-08-10,Government of Luxembourg,https://covid19.public.lu/fr.html
Macao,MAC,Pfizer/BioNTech,2021-08-09,Government of Macao,https://www.gov.mo/zh-hant/news/689523/
Macao,MAC,Sinopharm/Beijing,2021-08-09,Government of Macao,https://www.gov.mo/zh-hant/news/689523/
Madagascar,MDG,Oxford/AstraZeneca,2021-06-28,World Health Organization,https://covid19.who.int/
Malawi,MWI,Oxford/AstraZeneca,2021-08-08,Ministry of Health,https://twitter.com/health_malawi/status/1424404055015710728
Malaysia,MYS,Oxford/AstraZeneca,2021-08-10,Government of Malaysia,https://github.com/CITF-Malaysia/citf-public
Malaysia,MYS,Pfizer/BioNTech,2021-08-10,Government of Malaysia,https://github.com/CITF-Malaysia/citf-public
Malaysia,MYS,Sinovac,2021-08-10,Government of Malaysia,https://github.com/CITF-Malaysia/citf-public
Maldives,MDV,Oxford/AstraZeneca,2021-08-07,Presidency of the Maldives,https://twitter.com/HPA_MV/status/1424431323691708423
Maldives,MDV,Pfizer/BioNTech,2021-08-07,Presidency of the Maldives,https://twitter.com/HPA_MV/status/1424431323691708423
Maldives,MDV,Sinopharm/Beijing,2021-08-07,Presidency of the Maldives,https://twitter.com/HPA_MV/status/1424431323691708423
Mali,MLI,Oxford/AstraZeneca,2021-08-09,World Health Organization,https://covid19.who.int/
Malta,MLT,Johnson&Johnson,2021-08-10,COVID-19 Malta Public Health Response Team,https://github.com/COVID19-Malta/COVID19-Cases
Malta,MLT,Moderna,2021-08-10,COVID-19 Malta Public Health Response Team,https://github.com/COVID19-Malta/COVID19-Cases
Malta,MLT,Oxford/AstraZeneca,2021-08-10,COVID-19 Malta Public Health Response Team,https://github.com/COVID19-Malta/COVID19-Cases
Malta,MLT,Pfizer/BioNTech,2021-08-10,COVID-19 Malta Public Health Response Team,https://github.com/COVID19-Malta/COVID19-Cases
Mauritania,MRT,Oxford/AstraZeneca,2021-08-09,Africa Centres for Disease Control and Prevention,https://covid19.who.int/
Mauritania,MRT,Sinopharm/Beijing,2021-08-09,Africa Centres for Disease Control and Prevention,https://covid19.who.int/
Mauritius,MUS,Covaxin,2021-08-09,World Health Organization,https://covid19.who.int/
Mauritius,MUS,Oxford/AstraZeneca,2021-08-09,World Health Organization,https://covid19.who.int/
Mauritius,MUS,Sinopharm/Beijing,2021-08-09,World Health Organization,https://covid19.who.int/
Mexico,MEX,CanSino,2021-08-10,Secretary of Health,https://www.gob.mx/cms/uploads/attachment/file/660850/2021.08.10_17h00_ComunicadoTecnicoDiario_Covid19.pdf
Mexico,MEX,Johnson&Johnson,2021-08-10,Secretary of Health,https://www.gob.mx/cms/uploads/attachment/file/660850/2021.08.10_17h00_ComunicadoTecnicoDiario_Covid19.pdf
Mexico,MEX,Oxford/AstraZeneca,2021-08-10,Secretary of Health,https://www.gob.mx/cms/uploads/attachment/file/660850/2021.08.10_17h00_ComunicadoTecnicoDiario_Covid19.pdf
Mexico,MEX,Pfizer/BioNTech,2021-08-10,Secretary of Health,https://www.gob.mx/cms/uploads/attachment/file/660850/2021.08.10_17h00_ComunicadoTecnicoDiario_Covid19.pdf
Mexico,MEX,Sinovac,2021-08-10,Secretary of Health,https://www.gob.mx/cms/uploads/attachment/file/660850/2021.08.10_17h00_ComunicadoTecnicoDiario_Covid19.pdf
Mexico,MEX,Sputnik V,2021-08-10,Secretary of Health,https://www.gob.mx/cms/uploads/attachment/file/660850/2021.08.10_17h00_ComunicadoTecnicoDiario_Covid19.pdf
Moldova,MDA,Oxford/AstraZeneca,2021-08-10,Ministry of Health,https://vaccinare.gov.md/
Moldova,MDA,Pfizer/BioNTech,2021-08-10,Ministry of Health,https://vaccinare.gov.md/
Moldova,MDA,Sinopharm/Beijing,2021-08-10,Ministry of Health,https://vaccinare.gov.md/
Moldova,MDA,Sputnik V,2021-08-10,Ministry of Health,https://vaccinare.gov.md/
Monaco,MCO,Pfizer/BioNTech,2021-08-06,National Council,https://www.gouv.mc//Action-Gouvernementale/Coronavirus-Covid-19/Actualites/Covid-19-12-nouveaux-cas-positifs-et-20-guerisons-ce-vendredi-6-aout
Mongolia,MNG,Oxford/AstraZeneca,2021-08-10,Ministry of Health via ikon.mn,https://ikon.mn/
Mongolia,MNG,Pfizer/BioNTech,2021-08-10,Ministry of Health via ikon.mn,https://ikon.mn/
Mongolia,MNG,Sinopharm/Beijing,2021-08-10,Ministry of Health via ikon.mn,https://ikon.mn/
Mongolia,MNG,Sputnik V,2021-08-10,Ministry of Health via ikon.mn,https://ikon.mn/
Montenegro,MNE,Oxford/AstraZeneca,2021-08-10,Government of Montenegro,https://www.covidodgovor.me/
Montenegro,MNE,Pfizer/BioNTech,2021-08-10,Government of Montenegro,https://www.covidodgovor.me/
Montenegro,MNE,Sinopharm/Beijing,2021-08-10,Government of Montenegro,https://www.covidodgovor.me/
Montenegro,MNE,Sputnik V,2021-08-10,Government of Montenegro,https://www.covidodgovor.me/
Montserrat,MSR,Oxford/AstraZeneca,2021-08-06,World Health Organization,https://covid19.who.int/
Morocco,MAR,Oxford/AstraZeneca,2021-08-10,Ministry of Health,http://www.covidmaroc.ma/pages/Accueilfr.aspx
Morocco,MAR,Sinopharm/Beijing,2021-08-10,Ministry of Health,http://www.covidmaroc.ma/pages/Accueilfr.aspx
Mozambique,MOZ,Oxford/AstraZeneca,2021-08-09,World Health Organization,https://covid19.who.int/
Mozambique,MOZ,Sinopharm/Beijing,2021-08-09,World Health Organization,https://covid19.who.int/
Myanmar,MMR,Oxford/AstraZeneca,2021-07-01,World Health Organization,https://www.nytimes.com/2021/07/01/world/asia/covid-myanmar-coup.html
Myanmar,MMR,Sinopharm/Beijing,2021-07-01,World Health Organization,https://www.nytimes.com/2021/07/01/world/asia/covid-myanmar-coup.html
Namibia,NAM,Oxford/AstraZeneca,2021-08-08,Ministry of Health and Social Services,https://www.facebook.com/MoHSSNamibia/photos/a.500006330672375/794745381198467/
Namibia,NAM,Sinopharm/Beijing,2021-08-08,Ministry of Health and Social Services,https://www.facebook.com/MoHSSNamibia/photos/a.500006330672375/794745381198467/
Nauru,NRU,Oxford/AstraZeneca,2021-07-27,SPC Public Health Division,https://stats.pacificdata.org/vis?tm=covid&pg=0&df[ds]=SPC2&df[id]=DF_COVID_VACCINATION&df[ag]=SPC&df[vs]=1.0
Nepal,NPL,Oxford/AstraZeneca,2021-08-10,Government of Nepal,https://covid19.mohp.gov.np/covid/englishSituationReport/611260b20167c_SitRep548_COVID-19_10-08-2021_EN.pdf
Nepal,NPL,Sinopharm/Beijing,2021-08-10,Government of Nepal,https://covid19.mohp.gov.np/covid/englishSituationReport/611260b20167c_SitRep548_COVID-19_10-08-2021_EN.pdf
Netherlands,NLD,Johnson&Johnson,2021-08-08,RIVM via European CDC,https://www.ecdc.europa.eu/en/publications-data/data-covid-19-vaccination-eu-eea
Netherlands,NLD,Moderna,2021-08-08,RIVM via European CDC,https://www.ecdc.europa.eu/en/publications-data/data-covid-19-vaccination-eu-eea
Netherlands,NLD,Oxford/AstraZeneca,2021-08-08,RIVM via European CDC,https://www.ecdc.europa.eu/en/publications-data/data-covid-19-vaccination-eu-eea
Netherlands,NLD,Pfizer/BioNTech,2021-08-08,RIVM via European CDC,https://www.ecdc.europa.eu/en/publications-data/data-covid-19-vaccination-eu-eea
New Caledonia,NCL,Pfizer/BioNTech,2021-08-09,SPC Public Health Division,https://stats.pacificdata.org/vis?tm=covid&pg=0&df[ds]=SPC2&df[id]=DF_COVID_VACCINATION&df[ag]=SPC&df[vs]=1.0
New Zealand,NZL,Pfizer/BioNTech,2021-08-10,Ministry of Health,https://www.health.govt.nz/our-work/diseases-and-conditions/covid-19-novel-coronavirus/covid-19-data-and-statistics/covid-19-vaccine-data
Nicaragua,NIC,Oxford/AstraZeneca,2021-08-09,World Health Organization,https://ais.paho.org/imm/IM_DosisAdmin-Vacunacion.asp
Nicaragua,NIC,Sputnik V,2021-08-09,World Health Organization,https://ais.paho.org/imm/IM_DosisAdmin-Vacunacion.asp
Niger,NER,Oxford/AstraZeneca,2021-08-09,World Health Organization,https://covid19.who.int/
Niger,NER,Sinopharm/Beijing,2021-08-09,World Health Organization,https://covid19.who.int/
Nigeria,NGA,Oxford/AstraZeneca,2021-08-09,World Health Organization,https://covid19.who.int/
Niue,NIU,Oxford/AstraZeneca,2021-08-09,SPC Public Health Division,https://stats.pacificdata.org/vis?tm=covid&pg=0&df[ds]=SPC2&df[id]=DF_COVID_VACCINATION&df[ag]=SPC&df[vs]=1.0
North Macedonia,MKD,Oxford/AstraZeneca,2021-08-09,Government of North Macedonia,https://twitter.com/ZdravstvoMK/status/1425010339620532225
North Macedonia,MKD,Pfizer/BioNTech,2021-08-09,Government of North Macedonia,https://twitter.com/ZdravstvoMK/status/1425010339620532225
North Macedonia,MKD,Sinopharm/Beijing,2021-08-09,Government of North Macedonia,https://twitter.com/ZdravstvoMK/status/1425010339620532225
North Macedonia,MKD,Sinovac,2021-08-09,Government of North Macedonia,https://twitter.com/ZdravstvoMK/status/1425010339620532225
North Macedonia,MKD,Sputnik V,2021-08-09,Government of North Macedonia,https://twitter.com/ZdravstvoMK/status/1425010339620532225
Northern Cyprus,OWID_CYN,Oxford/AstraZeneca,2021-06-27,Ministry of Health,https://asi.saglik.gov.ct.tr/
Northern Cyprus,OWID_CYN,Pfizer/BioNTech,2021-06-27,Ministry of Health,https://asi.saglik.gov.ct.tr/
Northern Cyprus,OWID_CYN,Sinovac,2021-06-27,Ministry of Health,https://asi.saglik.gov.ct.tr/
Northern Ireland,OWID_NIR,Moderna,2021-08-09,Government of the United Kingdom,https://coronavirus.data.gov.uk/details/vaccinations
Northern Ireland,OWID_NIR,Oxford/AstraZeneca,2021-08-09,Government of the United Kingdom,https://coronavirus.data.gov.uk/details/vaccinations
Northern Ireland,OWID_NIR,Pfizer/BioNTech,2021-08-09,Government of the United Kingdom,https://coronavirus.data.gov.uk/details/vaccinations
Norway,NOR,Moderna,2021-08-10,Norwegian Institute of Public Health,https://www.fhi.no/sv/vaksine/koronavaksinasjonsprogrammet/koronavaksinasjonsstatistikk/
Norway,NOR,Pfizer/BioNTech,2021-08-10,Norwegian Institute of Public Health,https://www.fhi.no/sv/vaksine/koronavaksinasjonsprogrammet/koronavaksinasjonsstatistikk/
Oman,OMN,Oxford/AstraZeneca,2021-08-09,World Health Organization,https://twitter.com/OmaniMOH/status/1424690682879488006
Oman,OMN,Pfizer/BioNTech,2021-08-09,World Health Organization,https://twitter.com/OmaniMOH/status/1424690682879488006
Oman,OMN,Sinovac,2021-08-09,World Health Organization,https://twitter.com/OmaniMOH/status/1424690682879488006
Oman,OMN,Sputnik V,2021-08-09,World Health Organization,https://twitter.com/OmaniMOH/status/1424690682879488006
Pakistan,PAK,CanSino,2021-08-10,National Command and Operation Centre,https://ncoc.gov.pk/covid-vaccination-en.php
Pakistan,PAK,Oxford/AstraZeneca,2021-08-10,National Command and Operation Centre,https://ncoc.gov.pk/covid-vaccination-en.php
Pakistan,PAK,Sinopharm/Beijing,2021-08-10,National Command and Operation Centre,https://ncoc.gov.pk/covid-vaccination-en.php
Pakistan,PAK,Sinovac,2021-08-10,National Command and Operation Centre,https://ncoc.gov.pk/covid-vaccination-en.php
Pakistan,PAK,Sputnik V,2021-08-10,National Command and Operation Centre,https://ncoc.gov.pk/covid-vaccination-en.php
Palestine,PSE,Moderna,2021-08-10,Ministry of Health,https://www.facebook.com/mohps/posts/4053104114815436
Palestine,PSE,Oxford/AstraZeneca,2021-08-10,Ministry of Health,https://www.facebook.com/mohps/posts/4053104114815436
Palestine,PSE,Pfizer/BioNTech,2021-08-10,Ministry of Health,https://www.facebook.com/mohps/posts/4053104114815436
Palestine,PSE,Sputnik V,2021-08-10,Ministry of Health,https://www.facebook.com/mohps/posts/4053104114815436
Panama,PAN,Oxford/AstraZeneca,2021-08-07,Ministry of Health,https://twitter.com/MINSAPma/status/1424188377969176576
Panama,PAN,Pfizer/BioNTech,2021-08-07,Ministry of Health,https://twitter.com/MINSAPma/status/1424188377969176576
Papua New Guinea,PNG,Oxford/AstraZeneca,2021-08-02,SPC Public Health Division,https://stats.pacificdata.org/vis?tm=covid&pg=0&df[ds]=SPC2&df[id]=DF_COVID_VACCINATION&df[ag]=SPC&df[vs]=1.0
Paraguay,PRY,Covaxin,2021-07-25,Government of Paraguay,https://www.vacunate.gov.py/index-listado-vacunados.html
Paraguay,PRY,Oxford/AstraZeneca,2021-07-25,Government of Paraguay,https://www.vacunate.gov.py/index-listado-vacunados.html
Paraguay,PRY,Sinopharm/Beijing,2021-07-25,Government of Paraguay,https://www.vacunate.gov.py/index-listado-vacunados.html
Paraguay,PRY,Sinovac,2021-07-25,Government of Paraguay,https://www.vacunate.gov.py/index-listado-vacunados.html
Paraguay,PRY,Sputnik V,2021-07-25,Government of Paraguay,https://www.vacunate.gov.py/index-listado-vacunados.html
Peru,PER,Oxford/AstraZeneca,2021-08-09,Ministry of Health via github.com/jmcastagnetto/covid-19-peru-vacunas,https://www.datosabiertos.gob.pe/dataset/vacunaci%C3%B3n-contra-covid-19-ministerio-de-salud-minsa
Peru,PER,Pfizer/BioNTech,2021-08-09,Ministry of Health via github.com/jmcastagnetto/covid-19-peru-vacunas,https://www.datosabiertos.gob.pe/dataset/vacunaci%C3%B3n-contra-covid-19-ministerio-de-salud-minsa
Peru,PER,Sinopharm/Beijing,2021-08-09,Ministry of Health via github.com/jmcastagnetto/covid-19-peru-vacunas,https://www.datosabiertos.gob.pe/dataset/vacunaci%C3%B3n-contra-covid-19-ministerio-de-salud-minsa
Philippines,PHL,Johnson&Johnson,2021-08-08,Department of Health via ABS-CBN Investigative and Research Group,https://news.abs-cbn.com/spotlight/multimedia/infographic/03/23/21/philippines-covid-19-vaccine-tracker
Philippines,PHL,Moderna,2021-08-08,Department of Health via ABS-CBN Investigative and Research Group,https://news.abs-cbn.com/spotlight/multimedia/infographic/03/23/21/philippines-covid-19-vaccine-tracker
Philippines,PHL,Oxford/AstraZeneca,2021-08-08,Department of Health via ABS-CBN Investigative and Research Group,https://news.abs-cbn.com/spotlight/multimedia/infographic/03/23/21/philippines-covid-19-vaccine-tracker
Philippines,PHL,Pfizer/BioNTech,2021-08-08,Department of Health via ABS-CBN Investigative and Research Group,https://news.abs-cbn.com/spotlight/multimedia/infographic/03/23/21/philippines-covid-19-vaccine-tracker
Philippines,PHL,Sinovac,2021-08-08,Department of Health via ABS-CBN Investigative and Research Group,https://news.abs-cbn.com/spotlight/multimedia/infographic/03/23/21/philippines-covid-19-vaccine-tracker
Philippines,PHL,Sputnik V,2021-08-08,Department of Health via ABS-CBN Investigative and Research Group,https://news.abs-cbn.com/spotlight/multimedia/infographic/03/23/21/philippines-covid-19-vaccine-tracker
Pitcairn,PCN,Oxford/AstraZeneca,2021-08-02,SPC Public Health Division,https://stats.pacificdata.org/vis?tm=covid&pg=0&df[ds]=SPC2&df[id]=DF_COVID_VACCINATION&df[ag]=SPC&df[vs]=1.0
Poland,POL,Johnson&Johnson,2021-08-10,Ministry of Health,https://www.gov.pl/web/szczepimysie/raport-szczepien-przeciwko-covid-19
Poland,POL,Moderna,2021-08-10,Ministry of Health,https://www.gov.pl/web/szczepimysie/raport-szczepien-przeciwko-covid-19
Poland,POL,Oxford/AstraZeneca,2021-08-10,Ministry of Health,https://www.gov.pl/web/szczepimysie/raport-szczepien-przeciwko-covid-19
Poland,POL,Pfizer/BioNTech,2021-08-10,Ministry of Health,https://www.gov.pl/web/szczepimysie/raport-szczepien-przeciwko-covid-19
Portugal,PRT,Johnson&Johnson,2021-08-10,Directorate General for Health via Data Science for Social Good,https://github.com/dssg-pt/covid19pt-data
Portugal,PRT,Moderna,2021-08-10,Directorate General for Health via Data Science for Social Good,https://github.com/dssg-pt/covid19pt-data
Portugal,PRT,Oxford/AstraZeneca,2021-08-10,Directorate General for Health via Data Science for Social Good,https://github.com/dssg-pt/covid19pt-data
Portugal,PRT,Pfizer/BioNTech,2021-08-10,Directorate General for Health via Data Science for Social Good,https://github.com/dssg-pt/covid19pt-data
Qatar,QAT,Moderna,2021-08-10,Ministry of Public Health,https://covid19.moph.gov.qa/EN/Pages/Vaccination-Program-Data.aspx
Qatar,QAT,Pfizer/BioNTech,2021-08-10,Ministry of Public Health,https://covid19.moph.gov.qa/EN/Pages/Vaccination-Program-Data.aspx
Romania,ROU,Johnson&Johnson,2021-08-10,Government of Romania via datelazi.ro,https://datelazi.ro/
Romania,ROU,Moderna,2021-08-10,Government of Romania via datelazi.ro,https://datelazi.ro/
Romania,ROU,Oxford/AstraZeneca,2021-08-10,Government of Romania via datelazi.ro,https://datelazi.ro/
Romania,ROU,Pfizer/BioNTech,2021-08-10,Government of Romania via datelazi.ro,https://datelazi.ro/
Russia,RUS,EpiVacCorona,2021-08-10,Official data from local governments via gogov.ru,https://gogov.ru/articles/covid-v-stats
Russia,RUS,Sputnik V,2021-08-10,Official data from local governments via gogov.ru,https://gogov.ru/articles/covid-v-stats
Rwanda,RWA,Moderna,2021-08-03,World Health Organization,https://covid19.who.int/
Rwanda,RWA,Oxford/AstraZeneca,2021-08-03,World Health Organization,https://covid19.who.int/
Rwanda,RWA,Pfizer/BioNTech,2021-08-03,World Health Organization,https://covid19.who.int/
Saint Helena,SHN,Oxford/AstraZeneca,2021-05-05,Government of Saint Helena,https://www.sainthelena.gov.sh/2021/news/preliminary-data-from-the-covid-19-vaccination-programme/
Saint Kitts and Nevis,KNA,Oxford/AstraZeneca,2021-08-10,Government of Saint Kitts and Nevis,https://www.facebook.com/StKittsHPU/photos/a.158729094910938/968520253931814/
Saint Lucia,LCA,Oxford/AstraZeneca,2021-08-10,Ministry of Health,https://www.covid19response.lc/
Saint Vincent and the Grenadines,VCT,Oxford/AstraZeneca,2021-08-10,Ministry of Health,https://www.facebook.com/SVGHEALTH/posts/4740758269317892
Samoa,WSM,Oxford/AstraZeneca,2021-08-09,SPC Public Health Division,https://stats.pacificdata.org/vis?tm=covid&pg=0&df[ds]=SPC2&df[id]=DF_COVID_VACCINATION&df[ag]=SPC&df[vs]=1.0
San Marino,SMR,Pfizer/BioNTech,2021-08-05,Social Security Institute,https://vaccinocovid.iss.sm/
San Marino,SMR,Sputnik V,2021-08-05,Social Security Institute,https://vaccinocovid.iss.sm/
Sao Tome and Principe,STP,Oxford/AstraZeneca,2021-08-03,World Health Organization,https://covid19.who.int/
Saudi Arabia,SAU,Oxford/AstraZeneca,2021-08-10,Saudi Health Council,https://covid19.moh.gov.sa/
Saudi Arabia,SAU,Pfizer/BioNTech,2021-08-10,Saudi Health Council,https://covid19.moh.gov.sa/
Scotland,OWID_SCT,Moderna,2021-08-09,Government of the United Kingdom,https://coronavirus.data.gov.uk/details/vaccinations
Scotland,OWID_SCT,Oxford/AstraZeneca,2021-08-09,Government of the United Kingdom,https://coronavirus.data.gov.uk/details/vaccinations
Scotland,OWID_SCT,Pfizer/BioNTech,2021-08-09,Government of the United Kingdom,https://coronavirus.data.gov.uk/details/vaccinations
Senegal,SEN,Oxford/AstraZeneca,2021-08-09,World Health Organization,https://covid19.who.int/
Senegal,SEN,Sinopharm/Beijing,2021-08-09,World Health Organization,https://covid19.who.int/
Serbia,SRB,Oxford/AstraZeneca,2021-08-10,Government of Serbia,https://vakcinacija.gov.rs/
Serbia,SRB,Pfizer/BioNTech,2021-08-10,Government of Serbia,https://vakcinacija.gov.rs/
Serbia,SRB,Sinopharm/Beijing,2021-08-10,Government of Serbia,https://vakcinacija.gov.rs/
Serbia,SRB,Sputnik V,2021-08-10,Government of Serbia,https://vakcinacija.gov.rs/
Seychelles,SYC,Oxford/AstraZeneca,2021-07-22,Extended Programme for Immunisation,https://www.youtube.com/watch?v=glblVPyj1-w&ab_channel=SBC
Seychelles,SYC,Sinopharm/Beijing,2021-07-22,Extended Programme for Immunisation,https://www.youtube.com/watch?v=glblVPyj1-w&ab_channel=SBC
Sierra Leone,SLE,Oxford/AstraZeneca,2021-07-05,World Health Organization,https://covid19.who.int/
Sierra Leone,SLE,Sinopharm/Beijing,2021-07-05,World Health Organization,https://covid19.who.int/
Singapore,SGP,Moderna,2021-08-09,Ministry of Health,https://www.moh.gov.sg/covid-19/vaccination
Singapore,SGP,Pfizer/BioNTech,2021-08-09,Ministry of Health,https://www.moh.gov.sg/covid-19/vaccination
Sint Maarten (Dutch part),SXM,Moderna,2021-08-06,World Health Organization,https://covid19.who.int/
Sint Maarten (Dutch part),SXM,Oxford/AstraZeneca,2021-08-06,World Health Organization,https://covid19.who.int/
Sint Maarten (Dutch part),SXM,Pfizer/BioNTech,2021-08-06,World Health Organization,https://covid19.who.int/
Slovakia,SVK,Moderna,2021-08-10,Ministry of Health,https://github.com/Institut-Zdravotnych-Analyz/covid19-data
Slovakia,SVK,Oxford/AstraZeneca,2021-08-10,Ministry of Health,https://github.com/Institut-Zdravotnych-Analyz/covid19-data
Slovakia,SVK,Pfizer/BioNTech,2021-08-10,Ministry of Health,https://github.com/Institut-Zdravotnych-Analyz/covid19-data
Slovenia,SVN,Oxford/AstraZeneca,2021-08-10,National Institute of Public Health via covid-19.sledilnik.org,https://covid-19.sledilnik.org/en/stats
Slovenia,SVN,Pfizer/BioNTech,2021-08-10,National Institute of Public Health via covid-19.sledilnik.org,https://covid-19.sledilnik.org/en/stats
Solomon Islands,SLB,Oxford/AstraZeneca,2021-08-09,SPC Public Health Division,https://stats.pacificdata.org/vis?tm=covid&pg=0&df[ds]=SPC2&df[id]=DF_COVID_VACCINATION&df[ag]=SPC&df[vs]=1.0
Somalia,SOM,Johnson&Johnson,2021-08-02,World Health Organization,https://covid19.who.int/
Somalia,SOM,Oxford/AstraZeneca,2021-08-02,World Health Organization,https://covid19.who.int/
Somalia,SOM,Sinopharm/Beijing,2021-08-02,World Health Organization,https://covid19.who.int/
Somalia,SOM,Sinovac,2021-08-02,World Health Organization,https://covid19.who.int/
South Africa,ZAF,Johnson&Johnson,2021-08-08,Ministry of Health,https://sacoronavirus.co.za/latest-vaccine-statistics/
South Africa,ZAF,Pfizer/BioNTech,2021-08-08,Ministry of Health,https://sacoronavirus.co.za/latest-vaccine-statistics/
South Korea,KOR,Johnson&Johnson,2021-08-10,Korea Centers for Disease Control and Prevention,https://ncv.kdca.go.kr/
South Korea,KOR,Moderna,2021-08-10,Korea Centers for Disease Control and Prevention,https://ncv.kdca.go.kr/
South Korea,KOR,Oxford/AstraZeneca,2021-08-10,Korea Centers for Disease Control and Prevention,https://ncv.kdca.go.kr/
South Korea,KOR,Pfizer/BioNTech,2021-08-10,Korea Centers for Disease Control and Prevention,https://ncv.kdca.go.kr/
South Sudan,SSD,Oxford/AstraZeneca,2021-07-19,World Health Organization,https://covid19.who.int/
Spain,ESP,Johnson&Johnson,2021-08-09,Ministry of Health,https://www.mscbs.gob.es/profesionales/saludPublica/ccayes/alertasActual/nCov/documentos/Informe_Comunicacion_20210810.ods
Spain,ESP,Moderna,2021-08-09,Ministry of Health,https://www.mscbs.gob.es/profesionales/saludPublica/ccayes/alertasActual/nCov/documentos/Informe_Comunicacion_20210810.ods
Spain,ESP,Oxford/AstraZeneca,2021-08-09,Ministry of Health,https://www.mscbs.gob.es/profesionales/saludPublica/ccayes/alertasActual/nCov/documentos/Informe_Comunicacion_20210810.ods
Spain,ESP,Pfizer/BioNTech,2021-08-09,Ministry of Health,https://www.mscbs.gob.es/profesionales/saludPublica/ccayes/alertasActual/nCov/documentos/Informe_Comunicacion_20210810.ods
Sri Lanka,LKA,Moderna,2021-08-08,Ministry of Health's Epidemiology Unit,https://www.epid.gov.lk/web/images/pdf/corona_virus_report/sitrep-sl-en-08-08_10_21.pdf
Sri Lanka,LKA,Oxford/AstraZeneca,2021-08-08,Ministry of Health's Epidemiology Unit,https://www.epid.gov.lk/web/images/pdf/corona_virus_report/sitrep-sl-en-08-08_10_21.pdf
Sri Lanka,LKA,Pfizer/BioNTech,2021-08-08,Ministry of Health's Epidemiology Unit,https://www.epid.gov.lk/web/images/pdf/corona_virus_report/sitrep-sl-en-08-08_10_21.pdf
Sri Lanka,LKA,Sinopharm/Beijing,2021-08-08,Ministry of Health's Epidemiology Unit,https://www.epid.gov.lk/web/images/pdf/corona_virus_report/sitrep-sl-en-08-08_10_21.pdf
Sri Lanka,LKA,Sputnik V,2021-08-08,Ministry of Health's Epidemiology Unit,https://www.epid.gov.lk/web/images/pdf/corona_virus_report/sitrep-sl-en-08-08_10_21.pdf
Sudan,SDN,Johnson&Johnson,2021-08-09,World Health Organization,https://covid19.who.int/
Sudan,SDN,Oxford/AstraZeneca,2021-08-09,World Health Organization,https://covid19.who.int/
Sudan,SDN,Pfizer/BioNTech,2021-08-09,World Health Organization,https://covid19.who.int/
Sudan,SDN,Sinopharm/Beijing,2021-08-09,World Health Organization,https://covid19.who.int/
Sudan,SDN,Sinovac,2021-08-09,World Health Organization,https://covid19.who.int/
Suriname,SUR,Oxford/AstraZeneca,2021-08-10,Government of Suriname,https://laatjevaccineren.sr/
Sweden,SWE,Moderna,2021-08-10,Public Health Agency of Sweden,https://www.folkhalsomyndigheten.se/smittskydd-beredskap/utbrott/aktuella-utbrott/covid-19/vaccination-mot-covid-19/statistik/statistik-over-registrerade-vaccinationer-covid-19/
Sweden,SWE,Oxford/AstraZeneca,2021-08-10,Public Health Agency of Sweden,https://www.folkhalsomyndigheten.se/smittskydd-beredskap/utbrott/aktuella-utbrott/covid-19/vaccination-mot-covid-19/statistik/statistik-over-registrerade-vaccinationer-covid-19/
Sweden,SWE,Pfizer/BioNTech,2021-08-10,Public Health Agency of Sweden,https://www.folkhalsomyndigheten.se/smittskydd-beredskap/utbrott/aktuella-utbrott/covid-19/vaccination-mot-covid-19/statistik/statistik-over-registrerade-vaccinationer-covid-19/
Switzerland,CHE,Moderna,2021-08-10,Federal Office of Public Health,https://www.covid19.admin.ch/en/epidemiologic/vacc-doses?detGeo=CH
Switzerland,CHE,Pfizer/BioNTech,2021-08-10,Federal Office of Public Health,https://www.covid19.admin.ch/en/epidemiologic/vacc-doses?detGeo=CH
Syria,SYR,Oxford/AstraZeneca,2021-07-09,World Health Organization,https://covid19.who.int/
Syria,SYR,Sinopharm/Beijing,2021-07-09,World Health Organization,https://covid19.who.int/
Syria,SYR,Sputnik V,2021-07-09,World Health Organization,https://covid19.who.int/
Taiwan,TWN,Moderna,2021-08-10,Taiwan Centers for Disease Control,https://www.cdc.gov.tw/Category/Page/9jFXNbCe-sFK9EImRRi2Og
Taiwan,TWN,Oxford/AstraZeneca,2021-08-10,Taiwan Centers for Disease Control,https://www.cdc.gov.tw/Category/Page/9jFXNbCe-sFK9EImRRi2Og
Tajikistan,TJK,Moderna,2021-08-04,World Health Organization,http://moh.tj/?p=29875
Tajikistan,TJK,Oxford/AstraZeneca,2021-08-04,World Health Organization,http://moh.tj/?p=29875
Tajikistan,TJK,Sinovac,2021-08-04,World Health Organization,http://moh.tj/?p=29875
Tanzania,TZA,Johnson&Johnson,2021-08-08,Ministry Of Health Tanzania,https://www.ghanaweb.com/GhanaHomePage/africa/Tanzania-has-vaccinated-over-100-000-as-government-warns-against-fake-jabs-certificates-1327795
Thailand,THA,Oxford/AstraZeneca,2021-08-09,Government of Thailand,https://ddc.moph.go.th/uploads/ckeditor2//files/Daily%20report%20%202021-08-10.pdf
Thailand,THA,Sinovac,2021-08-09,Government of Thailand,https://ddc.moph.go.th/uploads/ckeditor2//files/Daily%20report%20%202021-08-10.pdf
Timor,TLS,Oxford/AstraZeneca,2021-08-03,World Health Organization,https://covid19.who.int/
Timor,TLS,Sinovac,2021-08-03,World Health Organization,https://covid19.who.int/
Togo,TGO,Oxford/AstraZeneca,2021-08-03,World Health Organization,https://covid19.who.int/
Tokelau,TKL,Oxford/AstraZeneca,2021-08-02,SPC Public Health Division,https://stats.pacificdata.org/vis?tm=covid&pg=0&df[ds]=SPC2&df[id]=DF_COVID_VACCINATION&df[ag]=SPC&df[vs]=1.0
Tonga,TON,Oxford/AstraZeneca,2021-08-02,SPC Public Health Division,https://stats.pacificdata.org/vis?tm=covid&pg=0&df[ds]=SPC2&df[id]=DF_COVID_VACCINATION&df[ag]=SPC&df[vs]=1.0
Trinidad and Tobago,TTO,Oxford/AstraZeneca,2021-08-10,Ministry of Health,https://experience.arcgis.com/experience/59226cacd2b441c7a939dca13f832112/
Trinidad and Tobago,TTO,Sinopharm/Beijing,2021-08-10,Ministry of Health,https://experience.arcgis.com/experience/59226cacd2b441c7a939dca13f832112/
Tunisia,TUN,Johnson&Johnson,2021-08-08,World Health Organization,https://covid19.who.int/
Tunisia,TUN,Oxford/AstraZeneca,2021-08-08,World Health Organization,https://covid19.who.int/
Tunisia,TUN,Pfizer/BioNTech,2021-08-08,World Health Organization,https://covid19.who.int/
Tunisia,TUN,Sinovac,2021-08-08,World Health Organization,https://covid19.who.int/
Tunisia,TUN,Sputnik V,2021-08-08,World Health Organization,https://covid19.who.int/
Turkey,TUR,Pfizer/BioNTech,2021-08-10,COVID-19 Vaccine Information Platform,https://covid19asi.saglik.gov.tr/
Turkey,TUR,Sinovac,2021-08-10,COVID-19 Vaccine Information Platform,https://covid19asi.saglik.gov.tr/
Turkmenistan,TKM,EpiVacCorona,2021-04-04,World Health Organization,https://covid19.who.int/
Turkmenistan,TKM,Oxford/AstraZeneca,2021-04-04,World Health Organization,https://covid19.who.int/
Turkmenistan,TKM,Sinopharm/Beijing,2021-04-04,World Health Organization,https://covid19.who.int/
Turkmenistan,TKM,Sputnik V,2021-04-04,World Health Organization,https://covid19.who.int/
Turks and Caicos Islands,TCA,Pfizer/BioNTech,2021-07-23,World Health Organization,https://covid19.who.int/
Tuvalu,TUV,Oxford/AstraZeneca,2021-06-15,SPC Public Health Division,https://stats.pacificdata.org/vis?tm=covid&pg=0&df[ds]=SPC2&df[id]=DF_COVID_VACCINATION&df[ag]=SPC&df[vs]=1.0
Uganda,UGA,Oxford/AstraZeneca,2021-08-10,Ministry of Health,https://www.health.go.ug/covid/
Ukraine,UKR,Moderna,2021-08-10,Ministry of Health,https://vaccination.covid19.gov.ua/
Ukraine,UKR,Oxford/AstraZeneca,2021-08-10,Ministry of Health,https://vaccination.covid19.gov.ua/
Ukraine,UKR,Pfizer/BioNTech,2021-08-10,Ministry of Health,https://vaccination.covid19.gov.ua/
Ukraine,UKR,Sinovac,2021-08-10,Ministry of Health,https://vaccination.covid19.gov.ua/
United Arab Emirates,ARE,Oxford/AstraZeneca,2021-08-10,National Emergency Crisis and Disaster Management Authority,https://fcsc.gov.ae/en-us/Pages/Covid19/UAE-Covid-19-Updates.aspx
United Arab Emirates,ARE,Pfizer/BioNTech,2021-08-10,National Emergency Crisis and Disaster Management Authority,https://fcsc.gov.ae/en-us/Pages/Covid19/UAE-Covid-19-Updates.aspx
United Arab Emirates,ARE,Sinopharm/Beijing,2021-08-10,National Emergency Crisis and Disaster Management Authority,https://fcsc.gov.ae/en-us/Pages/Covid19/UAE-Covid-19-Updates.aspx
United Arab Emirates,ARE,Sinopharm/Wuhan,2021-08-10,National Emergency Crisis and Disaster Management Authority,https://fcsc.gov.ae/en-us/Pages/Covid19/UAE-Covid-19-Updates.aspx
United Arab Emirates,ARE,Sputnik V,2021-08-10,National Emergency Crisis and Disaster Management Authority,https://fcsc.gov.ae/en-us/Pages/Covid19/UAE-Covid-19-Updates.aspx
United Kingdom,GBR,Moderna,2021-08-09,Government of the United Kingdom,https://coronavirus.data.gov.uk/details/vaccinations
United Kingdom,GBR,Oxford/AstraZeneca,2021-08-09,Government of the United Kingdom,https://coronavirus.data.gov.uk/details/vaccinations
United Kingdom,GBR,Pfizer/BioNTech,2021-08-09,Government of the United Kingdom,https://coronavirus.data.gov.uk/details/vaccinations
United States,USA,Johnson&Johnson,2021-08-10,Centers for Disease Control and Prevention,https://covid.cdc.gov/covid-data-tracker/COVIDData/getAjaxData?id=vaccination_data
United States,USA,Moderna,2021-08-10,Centers for Disease Control and Prevention,https://covid.cdc.gov/covid-data-tracker/COVIDData/getAjaxData?id=vaccination_data
United States,USA,Pfizer/BioNTech,2021-08-10,Centers for Disease Control and Prevention,https://covid.cdc.gov/covid-data-tracker/COVIDData/getAjaxData?id=vaccination_data
Uruguay,URY,Oxford/AstraZeneca,2021-08-10,Ministry of Health via vacuna.uy,https://monitor.uruguaysevacuna.gub.uy/
Uruguay,URY,Pfizer/BioNTech,2021-08-10,Ministry of Health via vacuna.uy,https://monitor.uruguaysevacuna.gub.uy/
Uruguay,URY,Sinovac,2021-08-10,Ministry of Health via vacuna.uy,https://monitor.uruguaysevacuna.gub.uy/
Uzbekistan,UZB,Oxford/AstraZeneca,2021-08-04,Government of Uzbekistan,https://kun.uz/en/news/2021/08/04/uzbekistan-announces-number-of-covid-19-vaccinated
Uzbekistan,UZB,RBD-Dimer,2021-08-04,Government of Uzbekistan,https://kun.uz/en/news/2021/08/04/uzbekistan-announces-number-of-covid-19-vaccinated
Uzbekistan,UZB,Sputnik V,2021-08-04,Government of Uzbekistan,https://kun.uz/en/news/2021/08/04/uzbekistan-announces-number-of-covid-19-vaccinated
Vanuatu,VUT,Oxford/AstraZeneca,2021-07-27,SPC Public Health Division,https://stats.pacificdata.org/vis?tm=covid&pg=0&df[ds]=SPC2&df[id]=DF_COVID_VACCINATION&df[ag]=SPC&df[vs]=1.0
Venezuela,VEN,Sinopharm/Beijing,2021-07-12,Pan American Health Organization,http://www.correodelorinoco.gob.ve/ministro-de-salud-casi-3-millones-de-venezolanos-han-recibido-primera-dosis-de-vacuna-contra-covid-19/
Venezuela,VEN,Sputnik V,2021-07-12,Pan American Health Organization,http://www.correodelorinoco.gob.ve/ministro-de-salud-casi-3-millones-de-venezolanos-han-recibido-primera-dosis-de-vacuna-contra-covid-19/
Vietnam,VNM,Moderna,2021-08-09,Government of Vietnam,https://suckhoedoisong.vn/sang-10-8-co-5149-ca-mac-covid-19-tai-tp-hcm-va-22-dia-phuong-khac-169210809235049813.htm
Vietnam,VNM,Oxford/AstraZeneca,2021-08-09,Government of Vietnam,https://suckhoedoisong.vn/sang-10-8-co-5149-ca-mac-covid-19-tai-tp-hcm-va-22-dia-phuong-khac-169210809235049813.htm
Vietnam,VNM,Pfizer/BioNTech,2021-08-09,Government of Vietnam,https://suckhoedoisong.vn/sang-10-8-co-5149-ca-mac-covid-19-tai-tp-hcm-va-22-dia-phuong-khac-169210809235049813.htm
Vietnam,VNM,Sinopharm/Beijing,2021-08-09,Government of Vietnam,https://suckhoedoisong.vn/sang-10-8-co-5149-ca-mac-covid-19-tai-tp-hcm-va-22-dia-phuong-khac-169210809235049813.htm
Vietnam,VNM,Sputnik V,2021-08-09,Government of Vietnam,https://suckhoedoisong.vn/sang-10-8-co-5149-ca-mac-covid-19-tai-tp-hcm-va-22-dia-phuong-khac-169210809235049813.htm
Wales,OWID_WLS,Moderna,2021-08-09,Government of the United Kingdom,https://coronavirus.data.gov.uk/details/vaccinations
Wales,OWID_WLS,Oxford/AstraZeneca,2021-08-09,Government of the United Kingdom,https://coronavirus.data.gov.uk/details/vaccinations
Wales,OWID_WLS,Pfizer/BioNTech,2021-08-09,Government of the United Kingdom,https://coronavirus.data.gov.uk/details/vaccinations
Wallis and Futuna,WLF,Oxford/AstraZeneca,2021-08-09,SPC Public Health Division,https://stats.pacificdata.org/vis?tm=covid&pg=0&df[ds]=SPC2&df[id]=DF_COVID_VACCINATION&df[ag]=SPC&df[vs]=1.0
Yemen,YEM,Oxford/AstraZeneca,2021-07-27,World Health Organization,https://covid19.who.int/
Zambia,ZMB,Oxford/AstraZeneca,2021-08-10,Government of Zambia,https://rtc-planning.maps.arcgis.com/apps/dashboards/3b3a01c1d8444932ba075fb44b119b63
Zambia,ZMB,Sinopharm/Beijing,2021-08-10,Government of Zambia,https://rtc-planning.maps.arcgis.com/apps/dashboards/3b3a01c1d8444932ba075fb44b119b63
Zimbabwe,ZWE,Oxford/AstraZeneca,2021-08-09,Ministry of Health,https://www.arcgis.com/home/webmap/viewer.html?url=https://services9.arcgis.com/DnERH4rcjw7NU6lv/ArcGIS/rest/services/Vaccine_Distribution_Program/FeatureServer&source=sd
Zimbabwe,ZWE,Sinopharm/Beijing,2021-08-09,Ministry of Health,https://www.arcgis.com/home/webmap/viewer.html?url=https://services9.arcgis.com/DnERH4rcjw7NU6lv/ArcGIS/rest/services/Vaccine_Distribution_Program/FeatureServer&source=sd
Zimbabwe,ZWE,Sinovac,2021-08-09,Ministry of Health,https://www.arcgis.com/home/webmap/viewer.html?url=https://services9.arcgis.com/DnERH4rcjw7NU6lv/ArcGIS/rest/services/Vaccine_Distribution_Program/FeatureServer&source=sd
Zimbabwe,ZWE,Sputnik V,2021-08-09,Ministry of Health,https://www.arcgis.com/home/webmap/viewer.html?url=https://services9.arcgis.com/DnERH4rcjw7NU6lv/ArcGIS/rest/services/Vaccine_Distribution_Program/FeatureServer&source=sd
